#,Sección,Subsección,Test Case,Estado,Fecha Completada,Notas,Bug ID
1,1. Authentication,1.1 Sign Up Flow,Navigate to /auth/signup - Sign up page loads correctly,Completado,09/02/26,,
2,1. Authentication,1.1 Sign Up Flow,Enter valid email - Email field accepts input,Completado,09/02/26,,
3,1. Authentication,1.1 Sign Up Flow,Enter password (min 8 chars) - Password field accepts input,Completado,09/02/26,,
4,1. Authentication,1.1 Sign Up Flow,Click Sign Up button - Redirects to dashboard or requires email verification,Completado,09/02/26,,
5,1. Authentication,1.1 Sign Up Flow,Try duplicate email - Error message displayed,Completado,09/02/26,,
6,1. Authentication,1.2 Sign In Flow,Navigate to /auth/signin - Sign in page loads,Completado,09/02/26,,
7,1. Authentication,1.2 Sign In Flow,Enter valid credentials - Fields accept input,Completado,09/02/26,,
8,1. Authentication,1.2 Sign In Flow,Enter incorrect password - Error: 'Invalid credentials',Completado,09/02/26,,
9,1. Authentication,1.2 Sign In Flow,Enter non-existent email - Error: 'User not found',Completado,09/02/26,,
10,1. Authentication,1.2 Sign In Flow,Click Sign In with correct credentials - Redirects to dashboard /,Completado,09/02/26,,
11,1. Authentication,1.2 Sign In Flow,Click Sign Out - Redirects to sign in page,Completado,09/02/26,,
12,1. Authentication,1.3 Session Persistence,Sign in successfully - Session created,Completado,09/02/26,,
13,1. Authentication,1.3 Session Persistence,Close browser tab and reopen - Automatically signed in,Completado,09/02/26,,
14,1. Authentication,1.3 Session Persistence,Navigate to /auth/signin while logged in - Redirects to dashboard,Completado,09/02/26,,
15,2. Dashboard,2.1 Dashboard Load,Sign in as any user - Redirects to /,Completado,09/02/26,,
16,2. Dashboard,2.1 Dashboard Load,Check page title - Shows 'AltiTeam' or dashboard title,Completado,09/02/26,,
17,2. Dashboard,2.1 Dashboard Load,Verify navigation elements - Sidebar/header visible,Completado,09/02/26,,
18,2. Dashboard,2.1 Dashboard Load,Check for welcome message - Shows user name,Completado,09/02/26,,
19,2. Dashboard,2.2 Dashboard Content,View dashboard - Shows user's organizations/projects/tasks,Completado,09/02/26,,
20,2. Dashboard,2.2 Dashboard Content,Click on a project card - Navigates to project details,Completado,09/02/26,,
21,2. Dashboard,2.2 Dashboard Content,Click on a task - Opens task details modal/page,Completado,09/02/26,,
22,3. Organization,3.1 Create Organization (via Chat),Type 'Create a new organization called TestOrg' - AI acknowledges,Pendiente,10/02/26,,
23,3. Organization,3.1 Create Organization (via Chat),Confirm creation - Organization created,Pendiente,10/02/26,,
24,3. Organization,3.1 Create Organization (via Chat),Type 'Show my organizations' - Lists organizations,Pendiente,,,
25,3. Organization,3.2 Organization Details,Navigate to /organizations - Shows organization list,Completado,10/02/26,,
26,3. Organization,3.2 Organization Details,Click on an organization - Opens details page,Completado,10/02/26,,
27,3. Organization,3.2 Organization Details,Verify organization name - Name displayed correctly,Completado,10/02/26,,
28,3. Organization,3.2 Organization Details,Check member count - Shows member count,Completado,11/02/26,,
29,3. Organization,3.2 Organization Details,Check projects count - Shows project count,Completado,12/02/26,,
30,3. Organization,3.3 Organization Settings,Navigate to /organizations/[id]/settings - Settings page loads,Completado,12/02/26,,
31,3. Organization,3.3 Organization Settings,Update organization name - Name updates,Completado,12/02/26,,
32,3. Organization,3.3 Organization Settings,Try invalid name - Error message shown,Completado,12/02/26,,
33,3. Organization,3.3 Organization Settings,"Delete organization - Confirmation dialog, then deletion",Completado,12/02/26,,
34,4. Project,4.1 Create Project (via Chat),Type 'Create a new project called TestProject' - AI prompts for details,Pendiente,,,
35,4. Project,4.1 Create Project (via Chat),Provide description and dates - Project created,Pendiente,,,
36,4. Project,4.1 Create Project (via Chat),Type 'List projects' - Shows new project,Pendiente,,,
37,4. Project,4.2 Project Details,Navigate to /projects - Projects list loads,Completado,12/02/26,,
38,4. Project,4.2 Project Details,Click on a project - Project details page,Completado,12/02/26,,
39,4. Project,4.2 Project Details,Verify project name - Name displayed,Completado,12/02/26,,
40,4. Project,4.2 Project Details,Check description - Description visible,Completado,12/02/26,,
41,4. Project,4.2 Project Details,Check tasks count - Shows task count,Completado,12/02/26,,
42,4. Project,4.3 Project Analytics,Navigate to /projects/[id]/analytics - Analytics page loads,Completado,12/02/26,,
43,4. Project,4.3 Project Analytics,Check progress bar - Shows completion percentage,Completado,12/02/26,,
44,4. Project,4.3 Project Analytics,View task distribution - Chart/visualization visible,Completado,12/02/26,,
45,4. Project,4.3 Project Analytics,Check completion trends - Timeline/graph shown,Completado,12/02/26,,
46,4. Project,4.4 Project Settings,Navigate to /projects/[id]/settings - Settings page loads,Completado,12/02/26,,
47,4. Project,4.4 Project Settings,Update project name - Name updates,Completado,12/02/26,,
48,4. Project,4.4 Project Settings,Change description - Description updates,Completado,12/02/26,,
49,4. Project,4.4 Project Settings,Change dates - Dates update correctly,Completado,12/02/26,,
50,4. Project,4.4 Project Settings,"Delete project - Confirmation, then deletion",Completado,12/02/26,,
51,4. Project,4.5 Project Templates,Type 'Create project from template' - Shows template options,Pendiente,,,
52,4. Project,4.5 Project Templates,Select a template - Project pre-filled with template,Pendiente,,,
53,4. Project,4.5 Project Templates,Navigate to /templates - Template list visible,Pendiente,,,
54,5. Task,5.1 Create Task (via Chat),Type 'Create a task called TestTask' - AI prompts for details,Pendiente,,,
55,5. Task,5.1 Create Task (via Chat),Set priority to high - Priority set,Pendiente,,,
56,5. Task,5.1 Create Task (via Chat),Set status to todo - Status set,Pendiente,,,
57,5. Task,5.1 Create Task (via Chat),Assign to user - Assignment set,Pendiente,,,
58,5. Task,5.1 Create Task (via Chat),Confirm creation - Task created,Pendiente,,,
59,5. Task,5.2 Task Details,Navigate to /tasks/[id] - Task details page loads,Completado,12/02/26,,
60,5. Task,5.2 Task Details,Verify task name - Name displayed correctly,Completado,12/02/26,,
61,5. Task,5.2 Task Details,Check priority badge - Color matches priority,Completado,12/02/26,,
62,5. Task,5.2 Task Details,Check status badge - Color matches status,Completado,12/02/26,,
63,5. Task,5.2 Task Details,Check assignee - Assigned user shown,Completado,12/02/26,,
64,5. Task,5.3 Update Task,Change status to 'in-progress' - Status updates,Completado,12/02/26,,
65,5. Task,5.3 Update Task,Change priority to 'urgent' - Priority updates,Completado,12/02/26,,
66,5. Task,5.3 Update Task,Add comment - Comment appears,Completado,12/02/26,,
67,5. Task,5.3 Update Task,Change assignee - New assignee shown,Completado,12/02/26,,
68,5. Task,5.4 Task List (via Chat),Type 'Show my tasks' - Lists assigned tasks,Pendiente,,,
69,5. Task,5.4 Task List (via Chat),Type 'Show tasks in TestProject' - Lists project tasks,Pendiente,,,
70,5. Task,5.4 Task List (via Chat),Type 'Search tasks for bug' - Searches task titles,Pendiente,,,
71,5. Task,5.5 Batch Operations (via Chat),"Type 'Update tasks task1, task2 to done' - Multiple tasks updated",Pendiente,,,
72,5. Task,5.5 Batch Operations (via Chat),Type 'Assign task1 and task2 to user' - Tasks reassigned,Pendiente,,,
73,6. Team,6.1 Create Team (via Chat),Type 'Create a new team called Development' - AI prompts for details,Pendiente,,,
74,6. Team,6.1 Create Team (via Chat),Confirm creation - Team created,Pendiente,,,
75,6. Team,6.1 Create Team (via Chat),Type 'List teams' - Shows team list,Pendiente,,,
76,6. Team,6.2 Team Members,Type 'Add user@example.com to Development' - Member added,Pendiente,,,
77,6. Team,6.2 Team Members,Type 'Remove user@example.com from Development' - Member removed,Pendiente,,,
78,6. Team,6.2 Team Members,Type 'Show Development team members' - Lists members with roles,Pendiente,,,
79,6. Team,6.3 Team Roles,Type 'Update user@example.com role to admin' - Role updated,Pendiente,,,
80,6. Team,6.3 Team Roles,Type 'List teams' - Teams visible,Pendiente,,,
81,7. Department,7.1 Create Department (via Chat),Type 'Create a department called Engineering' - Department created,Pendiente,,,
82,7. Department,7.1 Create Department (via Chat),Type 'Create a sub-department called Frontend under Engineering' - Sub-department created,Pendiente,,,
83,7. Department,7.2 Department Hierarchy,Type 'Show department hierarchy' - Tree structure shown,Pendiente,,,
84,7. Department,7.2 Department Hierarchy,Type 'List all departments' - Flat list shown,Pendiente,,,
85,8. Process,8.1 Create Process (via Chat),Type 'Create a process called Code Review' - AI prompts for steps,Pendiente,,,
86,8. Process,8.1 Create Process (via Chat),"Add steps: Review, Approve, Merge - Process created",Pendiente,,,
87,8. Process,8.2 Execute Process,Type 'Start process Code Review' - Execution started,Pendiente,,,
88,8. Process,8.2 Execute Process,Type 'Complete first step' - Step marked done,Pendiente,,,
89,8. Process,8.2 Execute Process,Type 'Show process execution status' - Shows current step,Pendiente,,,
90,8. Process,8.3 Process Analytics,Navigate to /processes/[id]/analytics - Analytics page loads,Pendiente,,,
91,8. Process,8.3 Process Analytics,Check completion rate - Percentage shown,Pendiente,,,
92,8. Process,8.3 Process Analytics,Check average duration - Time shown,Pendiente,,,
93,9. Resource,9.1 Create Resource (via Chat),Type 'Add a link resource called Documentation' - Resource created,Pendiente,,,
94,9. Resource,9.1 Create Resource (via Chat),Provide URL - Link saved,Pendiente,,,
95,9. Resource,9.1 Create Resource (via Chat),Type 'Add a file resource' - File upload prompt,Pendiente,,,
96,9. Resource,9.2 Resource List,Type 'List resources for TestProject' - Shows all resources,Pendiente,,,
97,9. Resource,9.2 Resource List,Click a resource link - Opens in new tab,Pendiente,,,
98,9. Resource,9.3 Delete Resource,Type 'Delete resource Documentation' - Resource removed,Pendiente,,,
99,10. Member & Invitation,10.1 Invite Member (via Chat),Type 'Invite user@example.com to TestOrg' - Invitation sent,Pendiente,,,
100,10. Member & Invitation,10.1 Invite Member (via Chat),Type 'List pending invitations' - Shows pending invites,Pendiente,,,
101,10. Member & Invitation,10.1 Invite Member (via Chat),Type 'Cancel invitation for user@example.com' - Invitation cancelled,Pendiente,,,
102,10. Member & Invitation,10.2 Member Management,Type 'Update user@example.com role to viewer' - Role updated,Pendiente,,,
103,10. Member & Invitation,10.2 Member Management,Type 'Remove user@example.com from organization' - Member removed,Pendiente,,,
104,10. Member & Invitation,10.2 Member Management,Navigate to /organizations/[id]/members - Members list visible,Pendiente,,,
105,10. Member & Invitation,10.3 Accept Invitation,Open invitation link from email - Acceptance page loads,Pendiente,,,
106,10. Member & Invitation,10.3 Accept Invitation,Click accept - User added to organization,Pendiente,,,
107,11. Notification,11.1 View Notifications,Type 'Show my notifications' - Lists notifications,Pendiente,,,
108,11. Notification,11.1 View Notifications,Click notification - Opens related item,Pendiente,,,
109,12. Chat Interface,12.1 Chat Page Load,Navigate to /chat while logged out - Redirects to /auth/signin,Completado,09/02/26,,
110,12. Chat Interface,12.1 Chat Page Load,"Sign in, navigate to /chat - Chat interface loads",Completado,09/02/26,,
111,12. Chat Interface,12.1 Chat Page Load,Check for welcome message - 'How can I help you today?',Completado,09/02/26,,
112,12. Chat Interface,12.1 Chat Page Load,Verify input field - Textarea visible and focused,Completado,09/02/26,,
113,12. Chat Interface,12.1 Chat Page Load,Check quick prompts - 3-4 quick action buttons visible,Completado,09/02/26,,
114,12. Chat Interface,12.2 Basic Chat Functionality,Type 'Hello' and send - Message appears in chat,Completado,09/02/26,,
115,12. Chat Interface,12.2 Basic Chat Functionality,Wait for AI response - Streaming response appears,Completado,09/02/26,,
116,12. Chat Interface,12.2 Basic Chat Functionality,Verify message avatars - User and assistant avatars visible,Completado,09/02/26,,
117,12. Chat Interface,12.2 Basic Chat Functionality,Check timestamps - Messages show time,Completado,09/02/26,,
118,12. Chat Interface,12.2 Basic Chat Functionality,Scroll up in chat - Older messages load,Completado,09/02/26,,
119,12. Chat Interface,12.3 Slash Commands,/help - Shows available commands,Completado,09/02/26,,
120,12. Chat Interface,12.3 Slash Commands,/new - Initiates new conversation,Completado,09/02/26,,
121,12. Chat Interface,12.3 Slash Commands,/clear - Clears chat history,Completado,09/02/26,,
122,12. Chat Interface,12.3 Slash Commands,/tasks - Lists recent tasks,Completado,09/02/26,,
123,12. Chat Interface,12.3 Slash Commands,/projects - Lists projects,Completado,09/02/26,,
124,12. Chat Interface,12.3 Slash Commands,/organizations - Lists organizations,Completado,09/02/26,,
125,12. Chat Interface,12.3 Slash Commands,/create-task - Prompts for task creation,Pendiente,,,
126,12. Chat Interface,12.3 Slash Commands,/create-project - Prompts for project creation,Pendiente,,,
127,12. Chat Interface,12.3 Slash Commands,/search - Opens search mode,Pendiente,,,
128,12. Chat Interface,12.3 Slash Commands,/invite - Prompts for invitation,Pendiente,,,
129,12. Chat Interface,12.4 Quick Prompts,Click 'Show my tasks' - Lists assigned tasks,Pendiente,,,
130,12. Chat Interface,12.4 Quick Prompts,Click 'Create new project' - Prompts for project details,Pendiente,,,
131,12. Chat Interface,12.4 Quick Prompts,Click 'List projects' - Shows project list,Pendiente,,,
132,12. Chat Interface,12.4 Quick Prompts,Click 'Search' - Focuses search input,Pendiente,,,
133,12. Chat Interface,12.5 Chat Behaviors,Type long message with Shift+Enter - New line created,Pendiente,,,
134,12. Chat Interface,12.5 Chat Behaviors,Type message and Enter without Shift - Message sends,Pendiente,,,
135,12. Chat Interface,12.5 Chat Behaviors,Send message during loading - Input disables,Pendiente,,,
136,12. Chat Interface,12.5 Chat Behaviors,Wait for response completion - Input re-enables,Pendiente,,,
137,12. Chat Interface,12.5 Chat Behaviors,Click 'Clear chat' - All messages removed,Pendiente,,,
138,12. Chat Interface,12.5 Chat Behaviors,Click export button - Options to export/download,Pendiente,,,
139,12. Chat Interface,12.5 Chat Behaviors,Copy message to clipboard - Toast notification shown,Pendiente,,,
140,12. Chat Interface,12.6 Mobile Responsiveness,Resize browser to mobile width - Chat adapts layout,Pendiente,,,
141,12. Chat Interface,12.6 Mobile Responsiveness,Verify input visibility - Input remains accessible,Pendiente,,,
142,12. Chat Interface,12.6 Mobile Responsiveness,Check quick prompts - Wrap to single column if needed,Pendiente,,,
176,API Key Management,Create,Create new API key with valid name and expiration,Pendiente,,,
177,API Key Management,Create,Create API key without expiration (no expiry),Pendiente,,,
178,API Key Management,List,View all created API keys,Pendiente,,,
179,API Key Management,Revoke,Revoke an active API key,Pendiente,,,
180,API Key Management,Revoke,Attempt to use revoked API key,Pendiente,,,
181,API Key Management,Validation,API key authentication for MCP server,Pendiente,,,
182,Authentication,OAuth,Sign in with Google,Pendiente,,,
183,Authentication,OAuth,Sign in with Azure AD,Pendiente,,,
184,Authentication,OAuth,OAuth login with invalid credentials,Pendiente,,,
185,Authentication,OAuth,Link OAuth account to existing user,Pendiente,,,
186,Authentication,Logout,Logout clears session completely,Pendiente,,,
187,Authentication,Logout,Logout redirects to sign-in page,Pendiente,,,
188,Authentication,Session,Session expiration handling,Pendiente,,,
189,Authentication,Session,"Remember me" functionality,Pendiente,,,
190,File Upload,Upload,Upload valid image file (JPEG, PNG),Pendiente,,,
191,File Upload,Upload,Upload CSV file,Pendiente,,,
192,File Upload,Upload,Upload file exceeding size limit,Pendiente,,,
193,File Upload,Upload,Upload invalid file type,Pendiente,,,
194,File Upload,Display,View uploaded file in UI,Pendiente,,,
195,File Upload,Storage,Verify file stored in correct location,Pendiente,,,
196,Task,Comments,Add comment to task,Pendiente,,,
197,Task,Comments,Reply to existing comment (threaded),Pendiente,,,
198,Task,Comments,Edit own comment,Pendiente,,,
199,Task,Comments,Delete own comment,Pendiente,,,
200,Task,Comments,View comment history,Pendiente,,,
201,Project,Members,Add member to project,Pendiente,,,
202,Project,Members,Remove member from project,Pendiente,,,
203,Project,Members,Assign role to project member,Pendiente,,,
204,Project,Members,View all project members,Pendiente,,,
205,Organization,Settings,Update organization name,Pendiente,,,
206,Organization,Settings,Update organization description,Pendiente,,,
207,Organization,Settings,Delete organization with confirmation,Pendiente,,,
208,Organization,Settings,Transfer organization ownership,Pendiente,,,
209,Process,Templates,View available process templates,Pendiente,,,
210,Process,Templates,Create process from template,Pendiente,,,
211,Process,Templates,Customize template steps during creation,Pendiente,,,
212,Health Check,API,Health endpoint returns 200 OK,Pendiente,,,
213,Health Check,API,Health check during high load,Pendiente,,,
214,Accessibility,Navigation,Keyboard navigation through all pages,Pendiente,,,
215,Accessibility,Screen Reader,Screen reader compatibility for main flows,Pendiente,,,
216,Accessibility,Contrast,Color contrast meets WCAG 2.1 AA,Pendiente,,,
217,Accessibility,Forms,Form labels and ARIA attributes present,Pendiente,,,
218,Accessibility,Focus,Focus indicators visible on all interactive elements,Pendiente,,,
219,Cross-Browser,Chrome,Full test suite on Chrome,Pendiente,,,
220,Cross-Browser,Firefox,Full test suite on Firefox,Pendiente,,,
221,Cross-Browser,Safari,Full test suite on Safari,Pendiente,,,
222,Cross-Browser,Edge,Full test suite on Edge,Pendiente,,,
223,API Testing,Organizations,Direct API: CRUD organizations,Pendiente,,,
224,API Testing,Projects,Direct API: CRUD projects,Pendiente,,,
225,API Testing,Tasks,Direct API: CRUD tasks,Pendiente,,,
226,API Testing,Departments,Direct API: CRUD departments,Pendiente,,,
227,API Testing,Processes,Direct API: CRUD processes,Pendiente,,,
228,API Testing,Invitations,Direct API: Send, validate, accept,Pendiente,,,
229,API Testing,Resources,Direct API: CRUD resources,Pendiente,,,
230,API Testing,Notifications,Direct API: CRUD notifications,Pendiente,,,
231,API Testing,Error Responses,API returns correct error codes,Pendiente,,,
232,API Testing,Pagination,API pagination works correctly,Pendiente,,,
233,Data Validation,Boundaries,Max length fields validation,Pendiente,,,
234,Data Validation,Boundaries,Min length fields validation,Pendiente,,,
235,Data Validation,Types,Invalid data type rejection,Pendiente,,,
236,Data Validation,Required,Required field enforcement,Pendiente,,,
237,Data Validation,Email,Email format validation,Pendiente,,,
238,Data Validation,Dates,Date range validation (start < end),Pendiente,,,
239,Concurrency,Tasks,Two users edit same task simultaneously,Pendiente,,,
240,Concurrency,Projects,Two users edit same project simultaneously,Pendiente,,,
241,Concurrency,Organizations,Concurrent member additions,Pendiente,,,
242,Resources,Page Load,Navigate to /resources - Resources page loads,Pendiente,,,
243,Resources,List,View all resources with preview/name/type/size/date,Pendiente,,,
244,Resources,Search,Search resources by name,Pendiente,,,
245,Resources,Filter,Filter resources by type/category/tags,Pendiente,,,
246,Resources,Upload,Upload new file/document with metadata,Pendiente,,,
247,Resources,Download,Download individual resources,Pendiente,,,
248,Resources,Edit,Update resource metadata (name/description/tags/category),Pendiente,,,
249,Resources,Delete,Delete resource with confirmation,Pendiente,,,
250,Resources,Preview,Preview supported file types (images/PDFs),Pendiente,,,
251,Resources,Categories,Organize resources into categories (Documents/Images/Videos/Templates),Pendiente,,,
252,Fix Verification,Infinite Loop,/projects page loads without infinite loop errors,Completado,16/02/26,,
253,Fix Verification,Infinite Loop,/teams page loads without 'Cannot read properties of undefined' errors,Completado,16/02/26,,
254,Fix Verification,Infinite Loop,/departments page loads without infinite loop errors,Completado,16/02/26,,
255,Fix Verification,Infinite Loop,/processes page loads without infinite loop errors,Completado,16/02/26,,
256,Fix Verification,API Response,API /teams route returns valid objects for user and organization,Pendiente,,,
257,Fix Verification,Build,npx tsc --noEmit passes without errors,Pendiente,,,
258,Fix Verification,Build,pnpm build succeeds without warnings,Pendiente,,,
259,Responsive,Mobile Layout,All pages render correctly on mobile devices (320px-767px),Pendiente,,,
260,Responsive,Mobile Sidebar,Sidebar converts to mobile drawer with hamburger menu,Pendiente,,,
261,Responsive,Mobile Navbar,Navbar is responsive with stacked/collapsed elements on mobile,Pendiente,,,
262,Responsive,Mobile Tables,Tables convert to card layouts on mobile,Pendiente,,,
263,Responsive,Mobile Forms,All forms are usable on mobile devices,Pendiente,,,
264,Responsive,Touch Targets,Touch targets are minimum 44x44px on mobile,Pendiente,,,
265,Responsive,Scrolling,No horizontal scrolling on any device size,Pendiente,,,
266,Responsive,Images,Images and charts scale appropriately,Pendiente,,,
267,Responsive,Text,Text remains readable on all screen sizes,Pendiente,,,
268,Responsive,Mobile Buttons,Action buttons remain accessible on mobile,Pendiente,,,
269,Responsive,Mobile Chat,Chat sidebar is full-screen on mobile,Pendiente,,,
270,Responsive,Mobile Dialogs,Dialogs are full-screen or properly sized on mobile,Pendiente,,,
271,Responsive,Touch Navigation,Navigation works smoothly on touch devices,Pendiente,,,
272,Responsive,Touch Friendly,All interactive elements are touch-friendly,Pendiente,,,
273,Responsive,Device Testing,Tested on real devices or browser dev tools (iPhone/iPad/Desktop),Pendiente,,,
